aptSeq,name,sigungu,transport_T1,transport_T3,total_T1,total_T3
26440-114,"외진가센트럴타워",강서구,68.3,68.2,53.2,53.2
26140-1353,"비스타동원더비치테라스",서구,20.7,15.4,45.0,43.7
26260-151,"에스케이쁘띠메종",동래구,54.7,50.9,58.9,57.9
26140-15,"문화",서구,57.0,52.6,57.2,56.1
26140-63,"문화",서구,79.5,79.5,62.8,62.8
26350-283,"스카이맨션",해운대구,46.4,42.5,42.2,41.3
26350-271,"에이스빌라",해운대구,24.7,18.2,33.9,32.2
26140-913,"보람",서구,76.4,76.6,60.1,60.2
26260-1821,"명륜아이파크2단지",동래구,56.8,52.8,62.4,61.4
26140-1290,"대신푸르지오2차",서구,75.7,76.9,62.2,62.5
26140-1356,"대신해모로센트럴아파트",서구,86.5,86.8,67.8,67.9
26350-2093,"더샵센텀파크1차",해운대구,81.6,80.7,70.2,69.9
26350-2374,"에이스스카이뷰",해운대구,58.1,56.4,43.5,43.1
26140-917,"해오름",서구,67.7,66.0,64.9,64.5
26350-134,"SKVIEW",해운대구,42.8,36.8,55.1,53.6
26350-32,"명유그린",해운대구,33.1,31.5,51.8,51.4
26350-106,"건영1",해운대구,41.8,40.3,56.6,56.2
26140-128,"충무제1",서구,52.5,52.3,46.6,46.6
26140-77,"문화",서구,43.3,39.7,45.3,44.4
26350-249,"대림맨션",해운대구,45.0,45.0,50.6,50.6
26140-1361,"e편한세상송도더퍼스트비치",서구,25.3,18.5,53.5,51.8
26350-2285,"해운대힐스테이트위브",해운대구,20.7,15.5,50.4,49.1
26350-3370,"드파인센텀",해운대구,53.4,50.4,62.8,62.0
26350-258,"석공힐타운",해운대구,22.9,16.9,35.6,34.1
26350-109,"경남선경",해운대구,37.5,33.3,55.7,54.7
26230-136,"엘지신개금(2-2)",부산진구,56.4,57.6,63.6,63.8
26470-1160,"해운그린빌",연제구,47.4,50.2,64.1,64.8
26110-881,"코모도에스테이트",중구,68.3,67.3,70.8,70.5
26230-2382,"포세이돈",부산진구,65.7,64.3,65.8,65.4
26110-46,"동아(160-0)",중구,39.8,34.5,40.0,38.7
26230-2598,"포레나부산초읍",부산진구,22.8,16.9,56.0,54.5
26230-4540,"양정자이더샵SKVIEW아파트(2단지)",부산진구,59.6,55.8,64.6,63.7
26230-135,"엘지신개금(2-1)",부산진구,63.0,63.7,66.6,66.8
26290-2614,"문현동월가아파트",남구,70.7,68.4,61.0,60.5
26230-65,"현대1차",부산진구,44.9,40.8,53.4,52.4
26230-2507,"서면라이포레",부산진구,83.4,85.5,70.0,70.6
26230-240,"서면롯데캐슬스카이",부산진구,85.0,86.0,71.8,72.0
26230-4542,"래미안어반파크1단지",부산진구,15.2,11.8,56.8,56.0
26230-2441,"메리온시티",부산진구,69.6,69.0,63.8,63.6
26230-141,"개금주공2",부산진구,26.2,19.2,40.1,38.3
26230-96,"백양뜨란채,주공아파트(1단지)",부산진구,26.0,19.0,44.5,42.8
26230-2559,"서면2차봄여름가을겨울",부산진구,79.5,80.5,65.7,65.9
26230-2866,"양정포레힐즈스위첸1단지",부산진구,44.9,40.7,66.3,65.2
26230-108,"벽산1",부산진구,28.9,27.9,50.4,50.2
26230-66,"현대2차",부산진구,59.3,55.1,60.8,59.7
26230-2464,"서면DS·협성엘리시안아파트",부산진구,46.4,45.1,50.3,49.9
26230-1857,"연지자이2차",부산진구,18.2,13.8,49.3,48.2
26230-95,"개금주공3단지",부산진구,31.8,30.4,48.9,48.5
26230-1790,"마제스타워서면",부산진구,30.0,21.7,51.6,49.6
26290-261,"동림리라",남구,47.0,43.2,37.0,36.1
26260-2109,"온천천경동리인타워",동래구,70.9,69.5,63.2,62.9
26470-1331,"해운파크빌",연제구,50.0,52.1,65.6,66.1
26230-2437,"영림로즈빌",부산진구,74.5,77.3,61.0,61.7
26230-2854,"서면비스타동원",부산진구,37.8,40.1,56.8,57.4
26230-118,"이화",부산진구,48.3,43.0,39.1,37.8
26230-127,"개금우드빌",부산진구,24.4,17.9,36.4,34.7
26230-23,"화신거화2",부산진구,40.8,34.8,35.9,34.4
26230-34,"청구",부산진구,17.6,13.4,38.1,37.1
26230-2582,"가야동그린시티",부산진구,84.0,86.2,63.8,64.4
26230-2541,"더샵골드6",부산진구,58.1,54.3,61.2,60.3
26230-354,"두산위브센티움",부산진구,55.0,55.0,64.7,64.7
26230-1802,"서면세종그랑시아",부산진구,76.6,79.8,69.5,70.3
26230-131,"성도",부산진구,25.8,25.8,40.9,40.9
26230-2456,"서면TK골드뷰",부산진구,43.0,41.5,58.8,58.4
26230-355,"대동레미안",부산진구,64.4,64.2,59.1,59.0
26230-1727,"에스엔디파인빌",부산진구,61.7,58.4,65.8,64.9
26230-144,"한진",부산진구,28.2,20.5,42.8,40.9
26230-104,"가야삼정그린코아",부산진구,33.3,35.1,47.1,47.5
26230-2048,"서면블리체",부산진구,50.1,50.6,64.3,64.4
26230-1452,"다산몽레브",부산진구,51.8,50.2,52.3,51.9
26230-2600,"연지보해이브더파크",부산진구,37.2,31.5,57.4,56.0
26230-2472,"범내골역이즈팰리스",부산진구,80.8,81.9,70.1,70.4
26230-2444,"가야누리애",부산진구,57.1,56.5,65.8,65.6
26230-93,"삼익아파트",부산진구,29.9,29.9,50.7,50.7
26230-2063,"서면앙쥬빌주상복합",부산진구,74.4,73.6,67.3,67.2
26500-100,"복음",수영구,28.5,28.5,38.2,38.2
26230-37,"연지2청구",부산진구,,,51.0,51.0
26230-1882,"부산서면동문굿모닝힐",부산진구,52.6,49.3,62.9,62.1
26230-2484,"서면동일파크스위트3차",부산진구,34.4,31.1,60.8,59.9
26230-84,"협성피닉스타운",부산진구,16.6,12.7,39.9,38.9
26230-146,"개금아이파크",부산진구,45.1,41.9,62.5,61.7
26230-2575,"범일역이즈",부산진구,73.9,72.6,65.1,64.7
26230-2646,"e편한세상서면더센트럴",부산진구,43.4,40.7,57.9,57.2
26230-54,"한신",부산진구,26.1,19.1,44.6,42.9
26230-2120,"강진융프라우",부산진구,81.2,83.0,70.4,70.9
26350-35,"센텀삼익아파트",해운대구,65.8,64.8,61.7,61.4
26230-254,"한신센타뷰",부산진구,60.0,57.9,57.1,56.5
26230-357,"경동",부산진구,18.8,14.2,44.8,43.6
26230-2325,"수목하우스",부산진구,88.7,89.3,72.2,72.3
26230-2395,"동양팰리스",부산진구,56.4,52.9,63.0,62.1
26230-1703,"서면이-편한세상",부산진구,75.7,78.3,69.4,70.0
26230-2428,"개금역스마트더블유",부산진구,71.9,70.7,67.6,67.3
26230-2603,"협성휴포레시티즌파크",부산진구,27.6,20.1,58.1,56.2
26230-2523,"개금역금강펜테리움더스퀘어아파트",부산진구,88.6,89.3,78.4,78.6
26230-2641,"시민공원일동미라주시티",부산진구,41.8,35.2,61.3,59.7
26230-133,"시영(1~5동)",부산진구,49.2,44.4,54.5,53.3
26230-179,"경원프라우드-2",부산진구,78.8,78.8,65.8,65.8
26230-243,"서면베르빌2",부산진구,75.7,75.7,63.1,63.1
26230-2856,"롯데캐슬라센트",부산진구,,,64.0,64.0
26500-1368,"카라디움",수영구,67.7,67.7,56.8,56.8
26230-36,"화인",부산진구,27.1,19.7,38.3,36.5
26230-85,"화승",부산진구,25.7,18.8,56.5,54.8
26230-1861,"더샵센트럴스타",부산진구,59.7,56.3,60.5,59.6
26230-2070,"백양산삼정그린코아",부산진구,11.9,9.6,39.8,39.2
26230-2599,"서면3차봄여름가을겨울",부산진구,68.7,69.2,65.8,65.9
26230-55,"한일맨션",부산진구,23.9,17.6,43.4,41.8
26230-1706,"현호네오빌",부산진구,58.6,57.7,63.2,63.0
26230-212,"한웅인터빌",부산진구,72.1,73.5,68.3,68.7
26230-2645,"서면스위트엠골드에비뉴",부산진구,65.0,64.0,67.6,67.4
26230-1709,"일동미라주",부산진구,40.8,35.4,54.7,53.4
26230-87,"국제프라자",부산진구,28.6,20.7,44.9,43.0
26230-58,"백조",부산진구,82.5,83.3,65.1,65.3
26230-86,"국제백양",부산진구,24.9,18.2,44.1,42.4
26230-31,"세동한신",부산진구,25.6,18.7,47.8,46.1
26230-1636,"타워베르빌",부산진구,45.3,39.4,61.1,59.6
26230-145,"현대",부산진구,38.5,35.4,45.2,44.4
26230-128,"동원화인패밀리",부산진구,25.0,18.3,51.0,49.3
26230-89,"동원타워",부산진구,26.6,19.4,46.2,44.4
26230-2574,"개금동포르투나",부산진구,85.7,85.4,73.1,73.0
26230-106,"동원",부산진구,38.3,36.9,53.1,52.7
26230-124,"화신",부산진구,51.1,50.6,54.3,54.2
26230-11,"서면한신",부산진구,70.6,69.1,67.6,67.2
26230-2434,"양정클래스원",부산진구,76.3,75.4,68.0,67.7
26230-239,"쌍용스윗닷홈",부산진구,17.4,13.3,43.7,42.7
26230-363,"글로벌타워",부산진구,86.4,86.5,68.3,68.3
26230-2845,"서면롯데캐슬엘루체",부산진구,62.3,64.1,77.4,77.8
26500-1809,"성우센텀스카이뷰비",수영구,58.2,56.1,55.5,54.9
26230-221,"블루스카이빌(159-3)",부산진구,25.9,19.0,50.5,48.7
26230-2596,"연지에코팰리스",부산진구,41.6,36.6,48.4,47.2
26230-2291,"산들파르테",부산진구,61.3,63.3,60.4,60.9
26230-109,"벽산2",부산진구,39.2,36.7,51.7,51.1
26230-2459,"서면동일파크스위트2차",부산진구,24.9,18.3,57.8,56.1
26230-1673,"백양산월드메르디앙",부산진구,25.1,18.4,48.1,46.5
26230-2850,"e편한세상시민공원1단지",부산진구,53.2,48.8,61.0,59.9
26230-2555,"리츠캐슬",부산진구,59.4,59.1,67.4,67.3
26230-26,"로얄",부산진구,20.8,20.8,46.9,46.9
26230-352,"한솔폴라리스",부산진구,64.1,64.1,70.4,70.4
26230-99,"태화현대1",부산진구,76.8,80.4,59.3,60.2
26230-97,"백양푸른채",부산진구,25.9,18.9,40.1,38.4
26230-40,"초읍그린",부산진구,26.4,19.3,46.9,45.1
26230-1733,"쌍용스윗닷홈스카이",부산진구,47.8,44.3,59.3,58.5
26230-245,"서면노르웨이아침",부산진구,59.2,59.1,61.3,61.3
26230-2368,"홍림로얄뷰",부산진구,78.9,78.9,60.9,60.9
26230-230,"부암동리젠트힐",부산진구,35.8,35.8,52.4,52.4
26230-2305,"다온미즈",부산진구,53.6,49.7,61.5,60.6
26230-1751,"연지자이",부산진구,20.4,15.2,50.8,49.6
26230-246,"대우디오빌1",부산진구,84.6,86.5,66.3,66.8
26230-1995,"가야삼한사랑채",부산진구,65.1,68.4,57.2,58.1
26530-1012,"사상센텀아파트",사상구,64.8,66.1,66.6,67.0
26530-1021,"대상로웰아파트",사상구,86.1,87.8,68.5,68.9
26230-2565,"에스제이파베르",부산진구,67.1,67.2,65.2,65.2
26230-1976,"범일역풍림아이원",부산진구,56.4,57.7,65.3,65.6
26230-42,"대진파레스필즈",부산진구,23.8,17.5,22.5,20.9
26230-75,"삼부본동",부산진구,45.3,39.4,48.8,47.4
26230-2461,"대동레미안더오션",부산진구,58.0,57.0,60.8,60.5
26230-1999,"동아블루시아",부산진구,24.0,17.7,51.2,49.6
26230-91,"백산",부산진구,,,54.5,54.5
26230-1998,"서면센트리움",부산진구,54.5,54.1,55.3,55.1
26230-1669,"롯데갤러리움",부산진구,60.5,60.5,66.6,66.6
26230-170,"동연아미가",부산진구,75.7,74.6,66.9,66.6
26230-81,"일성인포",부산진구,46.3,40.7,58.5,57.1
26230-67,"송백그린",부산진구,71.3,70.7,64.6,64.5
26230-1634,"신화골든뷰",부산진구,57.4,55.4,60.2,59.7
26230-178,"동조리젠시",부산진구,48.5,47.0,54.2,53.9
26230-2328,"한진스카이뷰",부산진구,69.0,69.3,66.1,66.2
26230-2316,"골든엠파이어",부산진구,82.8,83.1,62.0,62.0
26230-242,"대원플러스빌",부산진구,86.5,87.7,68.3,68.6
26230-2527,"세원秀아파트",부산진구,,,60.8,60.8
26230-39,"덕인디오네빌",부산진구,41.1,35.6,48.1,46.8
26230-30,"삼익아파트",부산진구,28.7,20.8,42.8,40.8
26350-133,"해운대 센트럴파크",해운대구,46.4,41.1,58.9,57.6
26230-1641,"삼익(10,11동)",부산진구,41.0,37.8,50.4,49.6
26230-2560,"서면루미랑스",부산진구,56.7,56.2,60.3,60.2
26530-1046,"천아하늘정원",사상구,59.1,56.5,67.5,66.8
26230-2593,"가야누리애더센트리즈",부산진구,66.9,67.6,69.6,69.8
26230-2624,"서면지원더뷰파크",부산진구,45.4,42.8,60.3,59.7
26230-2387,"성원더프라임아파트",부산진구,64.4,66.2,65.9,66.4
26230-264,"삼성비치타운",부산진구,78.9,78.7,68.0,67.9
26230-217,"탑패밀리",부산진구,86.5,87.9,68.9,69.3
26230-2853,"서면동원시티비스타",부산진구,88.7,88.7,76.2,76.2
26230-2567,"전포유림노르웨이숲",부산진구,66.0,64.8,68.0,67.7
26230-1592,"개금우드빌(1-9)",부산진구,27.8,20.2,42.8,40.9
26230-78,"성암",부산진구,43.5,40.1,48.5,47.7
26230-226,"화지빌라트",부산진구,23.5,17.3,37.3,35.8
26230-92,"삼성",부산진구,28.6,20.7,48.7,46.8
26230-2583,"대능더에스티지",부산진구,65.5,64.0,68.7,68.3
26230-1672,"유림노르웨이숲",부산진구,21.4,15.9,42.4,41.0
26230-1974,"서면엘리시움",부산진구,68.3,67.8,67.1,66.9
26230-122,"한일하나로",부산진구,42.5,41.6,53.0,52.8
26350-2216,"센텀협성르네상스타운",해운대구,65.2,64.4,65.5,65.3
26230-1690,"한일유앤아이(890-1)",부산진구,76.6,77.5,66.9,67.1
26230-207,"서면베스트빌",부산진구,71.5,72.1,60.1,60.2
26230-22,"화신거화",부산진구,44.1,38.2,37.3,35.8
26230-2250,"수정캐슬",부산진구,67.3,66.6,66.7,66.5
26230-167,"새롬하이빌2차",부산진구,55.7,56.0,53.2,53.2
26230-2385,"서면팰리스",부산진구,63.9,61.8,59.1,58.6
26230-2270,"유성해네스타워",부산진구,82.1,83.8,71.4,71.8
26230-2549,"개금동아이리스5차애비뉴",부산진구,72.8,72.1,65.3,65.1
26230-389,"대훈아트빌",부산진구,36.7,36.7,47.3,47.3
26230-2440,"더샵골드5",부산진구,63.6,61.8,64.6,64.2
26230-1591,"시영(12~17동)",부산진구,47.9,42.4,54.7,53.3
26230-2546,"우일아내트",부산진구,61.6,63.1,65.8,66.2
26230-154,"세인한아름",부산진구,41.8,41.2,43.1,42.9
26230-28,"봉황",부산진구,25.2,18.5,48.3,46.6
26230-205,"동광하이빌(106)",부산진구,55.5,54.3,52.4,52.1
26230-375,"골든",부산진구,59.5,59.3,56.0,55.9
26230-2343,"평광우리가",부산진구,62.6,62.6,61.7,61.7
26230-126,"대동",부산진구,5.9,5.6,41.7,41.6
26230-2111,"양정이즈팰리스",부산진구,74.8,74.2,70.6,70.4
26230-15,"우영",부산진구,84.6,84.6,45.9,45.9
26230-213,"청아",부산진구,86.1,85.8,69.2,69.1
26230-208,"아세만화니트",부산진구,56.8,53.6,53.2,52.4
26230-152,"서면항도타워맨션",부산진구,57.6,56.6,57.6,57.3
26230-2436,"범천동이즈팰리스",부산진구,73.1,73.1,68.9,68.9
26230-88,"동원",부산진구,,,55.8,55.8
26230-2532,"허브팰리스",부산진구,57.3,56.0,64.6,64.3
26230-25,"한성시티빌",부산진구,72.5,72.2,62.3,62.2
26230-247,"해오름2차",부산진구,72.5,73.3,64.8,65.0
26230-189,"태석해오름A",부산진구,72.2,73.4,65.5,65.8
26230-2485,"수목하우스",부산진구,60.8,58.9,60.7,60.2
26230-82,"한림",부산진구,15.9,12.3,33.0,32.1
26230-2544,"더블루",부산진구,54.6,50.2,63.7,62.5
26230-192,"보영미네르빌",부산진구,67.0,67.5,67.1,67.2
26230-120,"진성",부산진구,39.8,36.2,49.4,48.5
26230-182,"동아",부산진구,66.5,65.0,51.1,50.7
26230-2398,"린다비스타",부산진구,59.9,58.2,51.1,50.7
26230-2469,"스타파크",부산진구,70.3,72.1,64.5,64.9
26230-2370,"전포센티움",부산진구,84.4,85.7,69.9,70.2
26230-1980,"대성문퀸즈더블유",부산진구,58.4,57.6,64.6,64.4
26230-168,"동양크리스탈",부산진구,65.1,62.5,57.2,56.5
26230-105,"국민",부산진구,76.0,75.8,59.2,59.2
26230-2355,"리첸타워",부산진구,26.7,19.5,42.1,40.3
26230-60,"산호맨션",부산진구,62.6,62.5,58.8,58.8
26230-201,"전원타워빌",부산진구,63.1,60.3,62.9,62.2
26230-2822,"래미안어반파크아파트",부산진구,,,63.8,63.8
26350-123,"롯데3차",해운대구,53.1,49.6,66.5,65.6
26230-1796,"대원빌라2차",부산진구,62.0,63.7,63.7,64.2
26230-129,"반도보라맨션",부산진구,36.8,36.2,51.3,51.1
26230-2611,"(292-28)",부산진구,29.6,21.4,45.5,43.5
26230-2233,"몽뜨레",부산진구,78.5,79.8,67.3,67.6
26230-260,"건오힐타워",부산진구,90.4,90.4,63.1,63.1
26230-2517,"연지센트럴파크",부산진구,38.5,34.0,45.4,44.2
26230-386,"남경(177-210)",부산진구,77.0,77.7,65.7,65.8
26230-2621,"그린센트",부산진구,44.5,38.4,59.7,58.2
26230-235,"동남주상복합",부산진구,23.4,17.3,47.8,46.3
26230-190,"서면그린빌",부산진구,86.2,87.3,62.9,63.2
26230-2450,"태영아너스",부산진구,66.9,65.0,65.4,64.9
26230-209,"덕포그랜드힐",부산진구,69.3,68.5,64.3,64.1
26230-2067,"시티파크",부산진구,75.6,75.3,65.1,65.1
26230-1890,"홍림로즈빌",부산진구,70.2,71.4,55.9,56.2
26230-259,"청보",부산진구,73.6,74.0,64.0,64.1
26230-153,"성림타워",부산진구,56.4,55.6,51.4,51.2
26230-44,"선경",부산진구,22.4,16.6,44.0,42.6
26230-262,"새한아트빌",부산진구,85.0,86.2,66.3,66.6
26350-129,"상록",해운대구,56.9,52.4,66.6,65.5
26230-16,"일산(317-40)",부산진구,48.7,43.6,40.7,39.4
26230-268,"모닝빌라트",부산진구,51.7,51.7,55.6,55.6
26260-23,"조성하이츠",동래구,58.7,58.7,50.7,50.7
26350-2580,"센텀KCC스위첸",해운대구,49.6,45.1,61.3,60.2
26350-2347,"동화마을5",해운대구,79.9,83.1,61.5,62.3
26350-172,"현대일성2",해운대구,16.9,12.9,34.8,33.8
26350-126,"벽산2",해운대구,53.3,49.8,60.1,59.3
26350-127,"삼성",해운대구,67.0,67.4,56.6,56.7
26350-136,"한라",해운대구,61.4,58.9,65.0,64.4
26350-2398,"해운대경동리인뷰1차",해운대구,51.0,49.2,61.8,61.4
26350-301,"센텀롯데캐슬2차",해운대구,26.7,19.5,53.6,51.8
26350-2328,"달맞이유림노르웨이숲",해운대구,38.1,34.4,50.2,49.3
26350-210,"일동미라주",해운대구,28.8,20.9,49.6,47.6
26350-2271,"센텀두산위브",해운대구,41.1,45.9,55.2,56.4
26350-184,"삼한그린타운1",해운대구,37.7,34.3,48.2,47.3
26350-2107,"센텀동부센트레빌",해운대구,60.1,58.7,65.8,65.4
26350-171,"현대그린맨션",해운대구,47.4,47.5,49.6,49.6
26350-104,"달맞이경동메르빌",해운대구,35.2,31.9,44.2,43.4
26350-121,"두산1차아파트",해운대구,35.3,36.5,44.8,45.1
26350-114,"대우",해운대구,47.1,44.1,57.3,56.5
26350-166,"우방신세계타운",해운대구,27.2,19.8,56.2,54.3
26350-122,"롯데2",해운대구,38.9,34.7,52.8,51.8
26350-2166,"해운대두산위브더제니스",해운대구,38.2,40.5,63.8,64.3
26350-2162,"해운대 I PARK",해운대구,39.5,39.1,63.1,63.0
26260-190,"삼정그린코아",동래구,28.7,26.2,46.5,45.9
26350-53,"한영비치",해운대구,30.8,29.8,48.3,48.0
26350-2119,"해운대중동금호어울림",해운대구,68.6,68.2,63.2,63.1
26350-29,"금호",해운대구,42.6,39.0,52.8,51.9
26350-112,"대림2",해운대구,44.8,41.2,59.2,58.3
26350-2091,"센텀롯데캐슬3차아파트",해운대구,36.4,31.6,61.7,60.5
26350-115,"대우2",해운대구,57.8,53.8,67.9,67.0
26350-2148,"해운대케이씨씨스위첸",해운대구,71.9,73.6,69.6,70.0
26350-182,"삼한2",해운대구,49.0,54.9,42.0,43.5
26350-180,"벽산삼협",해운대구,32.8,32.3,48.8,48.7
26350-99,"해운대동일",해운대구,73.9,72.5,61.2,60.9
26350-2117,"현대하이페리온",해운대구,52.4,52.4,57.3,57.3
26350-160,"보람",해운대구,26.3,19.2,34.9,33.1
26350-40,"신동아",해운대구,38.2,37.3,52.5,52.3
26350-2092,"더샵센텀파크2차",해운대구,87.9,88.3,72.2,72.2
26350-42,"에이스",해운대구,20.0,15.0,42.8,41.5
26350-118,"동부",해운대구,63.4,61.1,57.8,57.2
26350-294,"송정세양시에당",해운대구,37.7,32.5,29.6,28.3
26230-57,"초읍우신(269-8)",부산진구,,,53.6,53.6
26350-2385,"센텀리슈빌2단지",해운대구,68.7,69.4,64.8,65.0
26260-1956,"명륜2차아이파크1단지",동래구,55.3,52.9,65.0,64.4
26350-130,"신성",해운대구,49.4,44.7,53.4,52.2
26350-55,"현대(1042-2)",해운대구,44.2,39.0,54.2,52.9
26350-303,"해운대비치베르빌",해운대구,57.5,56.5,62.2,62.0
26350-132,"영남",해운대구,48.8,44.8,57.7,56.7
26230-365,"남경하이츠빌라",부산진구,55.9,53.1,59.4,58.6
26350-2229,"해운대자이1단지",해운대구,50.8,53.1,60.1,60.7
26350-2125,"해운대중동롯데캐슬마스터2",해운대구,53.5,51.8,59.7,59.2
26350-125,"벽산1",해운대구,86.5,86.7,74.2,74.2
26350-63,"참빛마을2",해운대구,56.2,54.7,57.2,56.8
26350-116,"대원",해운대구,59.1,55.2,63.2,62.3
26350-135,"LH뜨란채아파트",해운대구,45.9,40.0,58.7,57.3
26350-138,"현대",해운대구,46.7,44.7,58.8,58.3
26350-2138,"센텀파미르",해운대구,43.3,39.3,59.2,58.1
26350-189,"센텀센시빌",해운대구,58.2,55.3,50.3,49.5
26350-137,"한일",해운대구,53.3,49.0,55.2,54.1
26350-286,"아크로뷰",해운대구,57.2,54.8,62.9,62.3
26350-124,"롯데4",해운대구,44.9,40.4,58.9,57.8
26350-16,"센텀삼환Nauville",해운대구,67.8,73.5,60.2,61.6
26230-2317,"서면동일파크스위트1차",부산진구,38.5,32.3,58.6,57.0
26230-2654,"시민공원삼정그린코아더베스트",부산진구,37.7,32.8,65.2,64.0
26230-4560,"가야역롯데캐슬스카이엘",부산진구,80.3,83.0,69.2,69.8
26230-4535,"백양산서희스타힐스",부산진구,20.8,15.5,51.4,50.1
26230-116,"영진(5-43)",부산진구,80.8,80.8,59.4,59.4
26230-115,"시영",부산진구,55.9,55.9,48.5,48.5
26230-4572,"양정자이더샵SKVIEW아파트(1단지)",부산진구,55.7,53.4,64.8,64.2
26230-2457,"다해미네스트",부산진구,27.8,20.2,51.1,49.2
26230-1694,"대원칸타빌멤버스",부산진구,70.1,68.7,70.7,70.4
26230-148,"경남",부산진구,64.2,63.9,59.2,59.1
26230-2861,"초읍월드메르디앙에듀포레",부산진구,,,60.2,60.2
26230-1590,"시영(6~11동)",부산진구,42.1,38.1,54.2,53.2
26230-1824,"개금롯데캐슬",부산진구,49.0,47.7,57.8,57.5
26230-2604,"양정이즈카운티",부산진구,50.9,49.2,62.8,62.4
26230-2121,"서면동일스위트",부산진구,73.0,73.8,67.3,67.5
26230-19,"전포시영",부산진구,45.7,41.7,37.2,36.2
26230-1667,"벽산블루밍",부산진구,44.5,49.7,49.9,51.2
26230-161,"무궁화아파트101동,102동,103동,105동,106동",부산진구,17.5,13.3,48.4,47.3
26230-180,"삼정코아",부산진구,82.8,82.3,72.4,72.3
26230-2566,"삼한골든뷰센트럴파크",부산진구,65.9,65.9,68.9,68.9
26230-191,"세운이노빌",부산진구,68.6,68.8,61.1,61.2
26230-2629,"서면아이파크1단지",부산진구,57.9,55.5,66.4,65.8
26230-2373,"서면봄여름가을겨울",부산진구,61.5,63.1,61.3,61.7
26230-43,"삼환",부산진구,20.2,15.1,23.5,22.2
26230-2290,"서면유림노르웨이숲",부산진구,70.5,69.2,72.8,72.5
26230-1905,"블루스카이",부산진구,44.0,44.0,49.0,49.0
26230-50,"창신그린힐",부산진구,26.6,19.4,45.7,43.9
26230-117,"유림",부산진구,53.5,55.5,50.3,50.9
26230-1700,"가야케이티이편한세상",부산진구,71.8,75.2,64.4,65.2
26230-113,"삼우",부산진구,62.5,61.3,47.9,47.6
26230-8,"대동파크",부산진구,46.1,41.3,43.3,42.1
26230-21,"화신",부산진구,42.1,36.3,38.0,36.5
26230-2628,"개금미네스트",부산진구,65.8,64.0,65.2,64.8
26350-140,"화목데파트",해운대구,86.0,86.8,67.8,68.0
26230-35,"한신타워",부산진구,,,50.6,50.6
26230-2462,"양정역퀸즈팰리스",부산진구,74.7,76.3,68.8,69.2
26230-98,"태우선파크",부산진구,21.7,16.1,48.3,46.9
26230-2571,"골든팰리스더리치",부산진구,70.0,71.2,68.9,69.2
26230-2359,"한울트라움아파트",부산진구,26.0,19.0,56.2,54.5
26230-132,"성도빌라",부산진구,35.1,31.9,41.7,40.9
26230-73,"미주",부산진구,26.5,19.3,43.5,41.7
26230-2630,"서면아이파크2단지",부산진구,57.6,55.0,63.0,62.3
26230-2399,"세원수아파트",부산진구,78.5,80.6,59.8,60.4
26230-150,"로얄",부산진구,39.4,39.4,40.3,40.3
26230-121,"진일",부산진구,49.3,48.0,47.0,46.7
26230-1642,"개금주공3단지(518-0)",부산진구,31.8,30.4,50.2,49.9
26230-90,"무궁화(108-116동)",부산진구,17.2,13.1,49.1,48.1
26230-2407,"스윗팰리스",부산진구,40.4,35.2,43.8,42.5
26260-2098,"포레나동래",동래구,83.6,85.1,66.2,66.6
26350-2134,"더샵센텀스타",해운대구,83.0,82.5,66.3,66.2
26350-22,"센텀현대",해운대구,55.5,59.7,51.8,52.9
26350-2257,"해운대래미안",해운대구,42.7,39.9,61.1,60.4
26350-2120,"대우트럼프월드마린",해운대구,32.6,30.5,48.8,48.3
26350-164,"센텀SKVIEW아파트",해운대구,37.8,32.3,61.1,59.7
26350-159,"센텀자유",해운대구,27.5,20.0,46.0,44.1
26350-2118,"센텀우신골든빌",해운대구,47.9,47.8,61.1,61.1
26350-2372,"해운대센텀트루엘1단지",해운대구,29.0,21.0,53.4,51.4
26350-274,"삼안스튜디오2000",해운대구,22.2,16.4,30.0,28.6
26350-28,"센텀글로리아",해운대구,21.9,16.3,38.3,36.9
26350-2206,"해운대경동제이드",해운대구,56.2,53.3,53.5,52.8
26350-51,"재송동코오롱",해운대구,20.8,20.7,39.7,39.7
26350-142,"경동지-플러스",해운대구,75.8,74.1,69.4,68.9
26350-30,"남성선파크",해운대구,27.4,19.9,49.2,47.3
26350-113,"대림3",해운대구,61.6,61.4,57.9,57.8
26350-2377,"럭키골든스위트",해운대구,59.2,58.7,66.2,66.1
26350-2334,"센텀경동리인",해운대구,59.4,63.2,55.4,56.4
26350-2335,"해운대경보이리스힐아파트",해운대구,14.0,11.0,27.0,26.3
26230-2155,"가야동원로얄듀크",부산진구,74.7,75.3,58.4,58.5
26350-2378,"엘시티",해운대구,32.7,32.9,55.0,55.0
26440-26,"지사금강펜테리움",강서구,23.5,17.3,50.0,48.5
26440-22,"엘크루블루오션",강서구,24.3,17.8,55.9,54.3
26440-125,"더샵명지퍼스트월드3단지",강서구,24.2,17.8,42.5,40.9
26440-82,"명지국제신도시호반베르디움2차",강서구,26.7,19.5,56.9,55.1
26440-123,"더샵명지퍼스트월드2단지",강서구,25.6,18.7,44.8,43.1
26440-76,"명지협성휴포레",강서구,23.8,17.5,51.4,49.9
26440-47,"명지1차 금강펜테리움 센트럴파크",강서구,25.5,18.7,53.9,52.2
26440-23,"명지두산위브포세이돈",강서구,29.3,21.2,58.0,56.0
26440-56,"명지국제신도시호반베르디움1차",강서구,27.9,20.3,60.3,58.4
26440-18,"퀸덤1차링컨타운",강서구,30.2,21.8,53.3,51.2
26440-59,"명지2차금강펜테리움센트럴파크",강서구,25.9,18.9,51.5,49.8
26440-111,"e편한세상명지",강서구,25.0,18.3,48.3,46.7
26440-109,"더힐시그니처",강서구,27.5,20.0,62.9,61.1
26440-90,"지사과학삼정그린코아",강서구,18.4,13.9,43.7,42.6
26230-119,"가야일산주택",부산진구,41.0,39.9,46.6,46.3
26230-149,"대원아파트",부산진구,64.9,67.4,60.4,61.0
26230-5,"동원",부산진구,36.5,36.5,47.5,47.5
26230-4549,"시민공원비스타동원",부산진구,,,66.6,66.6
26230-2865,"서면서한이다음",부산진구,38.3,42.6,53.5,54.5
26230-215,"HY원룸",부산진구,66.0,64.3,59.3,58.8
26230-2206,"범내골역한라비발디STUDIO422",부산진구,66.9,66.8,69.4,69.4
26230-100,"태화현대2",부산진구,57.9,61.7,54.6,55.6
26440-72,"명진파크뷰",강서구,29.3,21.2,41.2,39.2
26440-95,"유나베네스2차",강서구,19.1,14.4,35.5,34.3
26440-61,"명지대방노블랜드오션뷰2차",강서구,25.6,18.7,59.0,57.3
26440-102,"부산명지중흥S-클래스에듀오션",강서구,27.9,20.3,61.5,59.6
26440-108,"스위트팰리스",강서구,25.4,18.6,53.4,51.7
26440-45,"에일린의 뜰",강서구,25.3,18.6,59.0,57.3
26440-77,"부산명지중흥S-클래스프라디움",강서구,28.8,20.9,60.5,58.6
26440-17,"퀸덤1차에디슨타운",강서구,29.6,21.4,52.1,50.0
26440-37,"엘크루솔마레",강서구,21.0,15.6,40.5,39.2
26440-33,"명지오션시티한신휴플러스",강서구,21.6,16.1,49.2,47.9
26440-15,"극동스타클래스",강서구,24.9,18.2,52.7,51.0
26440-32,"명지오션시티삼정그린코아",강서구,27.9,20.3,53.3,51.4
26440-16,"롯데캐슬",강서구,29.4,21.3,52.2,50.1
26440-58,"명지대방노블랜드오션뷰1차",강서구,23.9,17.6,62.0,60.4
26440-14,"부산신호윌더하임",강서구,28.5,20.7,41.1,39.2
26440-19,"퀸덤1차아인슈타인타운",강서구,23.4,17.2,58.8,57.2
26440-31,"부산신호사랑으로부영2차",강서구,26.8,19.5,49.5,47.7
26440-120,"명지화전우방아이유쉘",강서구,28.4,20.6,41.3,39.4
26440-94,"유나베네스1차",강서구,21.7,16.2,37.9,36.5
26440-128,"공항마을리베르하임주상복합",강서구,55.7,55.6,51.9,51.8
26440-27,"부산신호사랑으로부영1차",강서구,24.6,18.1,46.1,44.5
26440-112,"우창더뷰",강서구,84.7,85.7,51.6,51.8
26110-9,"새들맨션",중구,51.5,47.4,56.6,55.6
26110-42,"흥아거북",중구,49.2,45.1,49.3,48.3
26110-32,"동아(92-0)",중구,43.8,37.8,40.9,39.4
26110-38,"은하아파트",중구,43.9,39.2,35.6,34.4
26110-904,"미소지음주상복합",중구,48.6,46.4,61.1,60.6
26110-65,"경우빌라",중구,43.4,43.4,47.6,47.6
26110-40,"초원",중구,54.6,52.6,50.5,50.0
26110-939,"선경에이스",중구,52.8,51.3,65.7,65.3
26110-901,"부평파크",중구,73.3,72.8,66.9,66.8
26110-947,"목연정M팰리스",중구,67.9,67.1,69.8,69.6
26110-893,"보수2차봄여름가을겨울",중구,46.3,46.3,60.9,60.9
26110-48,"그린빌",중구,43.6,41.6,54.1,53.7
26110-33,"동주파크",중구,38.9,33.0,32.2,30.7
26110-888,"미소지움아파트",중구,52.6,48.9,62.6,61.7
26110-51,"대근하버빌타운",중구,63.0,60.6,60.0,59.4
26110-943,"보수에코팰리스",중구,56.4,55.2,65.7,65.4
26110-781,"대암보수맨션",중구,45.6,39.9,52.2,50.8
26110-942,"엘스퀘어",중구,60.2,59.5,53.9,53.7
26110-29,"신생",중구,50.3,50.7,50.6,50.7
26110-843,"보수동한웅베어스",중구,54.6,51.0,62.9,62.0
26110-905,"부평부백자연애",중구,72.5,72.0,66.4,66.3
26110-837,"그린시티",중구,55.2,51.2,65.3,64.3
26110-24,"부평",중구,57.7,54.2,52.9,52.0
26170-827,"범양레우스센트럴베이",동구,85.0,85.6,69.4,69.6
26170-628,"두산위브범일뉴타운",동구,69.3,69.3,58.1,58.1
26170-809,"오션브릿지",동구,61.6,59.3,67.6,67.0
26170-860,"두산위브더제니스하버시티",동구,64.2,62.5,64.5,64.0
26170-675,"진흥마제스타워범일",동구,78.1,77.0,61.0,60.8
26170-841,"부산항일동미라주더오션(1지구)",동구,76.5,76.8,62.7,62.8
26170-825,"e편한세상부산항",동구,65.4,64.2,69.0,68.7
26170-826,"협성휴포레부산진역오션뷰",동구,86.9,88.0,70.2,70.5
26170-813,"좌천서린엘마르더뷰",동구,35.4,35.4,47.5,47.5
26110-30,"금호",중구,42.5,36.3,43.9,42.3
26110-2,"부원",중구,62.5,59.0,50.7,49.8
26170-10,"화신1",동구,30.1,30.1,33.2,33.2
26170-38,"한성기린",동구,72.9,71.3,63.3,62.9
26170-802,"센텀동원2차",동구,83.6,84.1,61.1,61.2
26170-815,"지원더뷰오션1차",동구,65.4,66.5,53.3,53.6
26170-807,"린다스마트포레",동구,79.9,82.5,61.5,62.1
26170-781,"오름CASTLE",동구,69.9,68.6,62.8,62.4
26170-3,"동일파크",동구,46.5,43.2,40.2,39.4
26170-834,"초량베스티움센트럴베이",동구,51.8,50.4,66.8,66.4
26170-26,"아르미나아파트",동구,42.7,37.8,51.1,49.8
26170-31,"동원드림타운",동구,61.4,60.4,58.4,58.1
26170-8,"초량마마맨션",동구,47.3,47.3,49.9,49.9
26170-21,"덕림아파트",동구,47.6,42.4,47.4,46.1
26170-24,"수성아파트(440-0)",동구,40.3,33.8,41.8,40.2
26170-789,"범일역이즈팰리스",동구,69.8,68.4,58.9,58.6
26170-618,"좌천시민(741-1)",동구,49.9,50.9,45.2,45.5
26170-77,"좌천시민(737-1)",동구,54.1,56.5,48.4,49.0
26170-85,"아름빌102동",동구,52.8,48.3,48.7,47.6
26170-9,"초원",동구,72.3,75.9,54.4,55.3
26170-793,"베스안하우스2차",동구,55.1,52.7,57.5,56.9
26170-801,"오션스타",동구,59.9,65.5,63.1,64.5
26170-864,"북항에코하임센트럴뷰",동구,64.0,63.5,64.7,64.6
26170-805,"금초파크",동구,56.6,56.6,52.6,52.6
26170-824,"지원더뷰오션2차",동구,58.9,59.4,53.0,53.1
26170-62,"영림",동구,48.7,45.8,45.4,44.6
26170-629,"예그린",동구,55.8,61.6,61.0,62.5
26170-731,"봄여름가을겨울",동구,71.4,69.2,60.2,59.7
26170-46,"한사랑빌라트",동구,55.5,60.4,57.8,59.0
26170-780,"남평N-CITY",동구,53.8,53.8,47.0,47.0
26170-799,"장원하이드파크",동구,62.9,63.5,50.7,50.8
26170-33,"제일",동구,53.6,53.7,48.4,48.5
26170-29,"협성파크",동구,42.5,36.1,37.0,35.4
26170-69,"대근아트빌라(355-1)",동구,56.9,55.5,49.1,48.8
26170-769,"베스안하우스",동구,82.4,81.8,64.8,64.7
26170-67,"배룡비치텔",동구,58.5,63.2,59.2,60.3
26200-768,"영도센트럴에일린의뜰",영도구,23.4,17.3,57.1,55.6