pairId,type,side,aptSeq,name,sigungu,transport,living,education,complex,total_WA
PAIR-01,"신축 vs 구축",A,26230-4560,"가야역롯데캐슬스카이엘",부산진구,80.3,53.4,55.8,87.2,69.2
PAIR-01,"신축 vs 구축",B,26170-24,"수성아파트(440-0)",동구,40.3,31.9,74.3,20.5,41.8
PAIR-02,"신축 vs 구축",A,26230-4540,"양정자이더샵SKVIEW아파트(2단지)",부산진구,59.6,65.1,44.6,89.3,64.6
PAIR-02,"신축 vs 구축",B,26170-618,"좌천시민(741-1)",동구,49.9,44.7,57.0,30.8,45.6
PAIR-03,"신축 vs 구축",A,26230-2856,"롯데캐슬라센트",부산진구,,50.6,52.3,89.0,64.0
PAIR-03,"신축 vs 구축",B,26170-77,"좌천시민(737-1)",동구,54.1,49.5,63.1,8.0,43.7
PAIR-04,"신축 vs 구축",A,26230-4535,"백양산서희스타힐스",부산진구,20.8,31.7,66.0,87.2,51.4
PAIR-04,"신축 vs 구축",B,26170-33,"제일",동구,53.6,65.5,57.7,16.2,48.2
PAIR-05,"신축 vs 구축",A,26230-4572,"양정자이더샵SKVIEW아파트(1단지)",부산진구,55.7,67.3,50.8,85.2,64.8
PAIR-05,"신축 vs 구축",B,26170-633,"수정(1186-1)",동구,42.5,33.4,70.3,8.0,38.5
PAIR-06,"신축 vs 구축",A,26230-4549,"시민공원비스타동원",부산진구,,57.7,60.6,81.5,66.6
PAIR-06,"신축 vs 구축",B,26170-631,"수정(1181-4)",동구,45.3,40.4,66.9,8.0,40.1
PAIR-07,"초역세권 vs 비역세권",A,26320-1763,"포레나부산덕천1차",북구,90.2,68.6,46.4,83.0,72.1
PAIR-07,"초역세권 vs 비역세권",B,26140-1353,"비스타동원더비치테라스",서구,20.7,35.4,44.9,78.9,45.0
PAIR-08,"초역세권 vs 비역세권",A,26320-20,"에이스타운",북구,89.4,61.5,72.1,42.9,66.5
PAIR-08,"초역세권 vs 비역세권",B,26350-271,"에이스빌라",해운대구,24.7,43.3,31.7,28.0,31.9
PAIR-09,"초역세권 vs 비역세권",A,26530-1021,"대상로웰아파트",사상구,86.1,62.3,62.7,62.5,68.4
PAIR-09,"초역세권 vs 비역세권",B,26140-1361,"e편한세상송도더퍼스트비치",서구,25.3,37.7,62.0,89.0,53.5
PAIR-10,"초역세권 vs 비역세권",A,26140-37,"희망센츄럴타운",서구,89.4,68.6,58.6,40.1,64.2
PAIR-10,"초역세권 vs 비역세권",B,26350-2285,"해운대힐스테이트위브",해운대구,20.7,51.0,45.5,84.3,50.4
PAIR-11,"초역세권 vs 비역세권",A,26290-2520,"홍익빌레트Ⅲ",남구,85.1,76.5,36.5,51.7,62.4
PAIR-11,"초역세권 vs 비역세권",B,26350-258,"석공힐타운",해운대구,22.9,43.0,47.8,12.0,31.4
PAIR-12,"초역세권 vs 비역세권",A,26530-804,"모라동골든파크",사상구,87.0,62.3,61.5,50.4,65.3
PAIR-12,"초역세권 vs 비역세권",B,26110-46,"동아(160-0)",중구,39.8,39.7,34.4,40.6,38.6
PAIR-13,"대단지 vs 소단지",A,26290-93,"엘지메트로시티4-2(230~238)",남구,27.1,65.8,57.7,73.8,56.1
PAIR-13,"대단지 vs 소단지",B,26440-114,"외진가센트럴타워",강서구,68.3,24.5,57.3,62.4,53.1
PAIR-14,"대단지 vs 소단지",A,26290-94,"엘지메트로시티4-1(201-214)",남구,27.1,65.8,57.7,73.8,56.1
PAIR-14,"대단지 vs 소단지",B,26140-63,"문화",서구,79.5,77.8,74.9,18.6,62.7
PAIR-15,"대단지 vs 소단지",A,26290-38,"엘지메트로시티1",남구,27.1,65.8,57.7,72.2,55.7
PAIR-15,"대단지 vs 소단지",B,26350-2374,"에이스스카이뷰",해운대구,58.1,28.0,30.6,56.0,43.2
PAIR-16,"대단지 vs 소단지",A,26290-2724,"엘지메트로시티4-2(215~220동)",남구,27.1,65.8,57.7,73.8,56.1
PAIR-16,"대단지 vs 소단지",B,26140-917,"해오름",서구,67.7,75.5,66.5,46.9,64.1
PAIR-17,"대단지 vs 소단지",A,26290-311,"엘지메트로시티5",남구,,65.8,57.7,74.6,66.1
PAIR-17,"대단지 vs 소단지",B,26350-32,"명유그린",해운대구,33.1,60.0,79.7,36.7,52.4
PAIR-18,"대단지 vs 소단지",A,26290-44,"엘지메트로시티3",남구,27.1,65.8,57.7,73.0,55.9
PAIR-18,"대단지 vs 소단지",B,26140-128,"충무제1",서구,52.5,68.8,46.4,18.3,46.5
PAIR-19,"고주차 vs 저주차",A,26350-2378,"엘시티",해운대구,32.7,62.2,38.5,86.5,55.0
PAIR-19,"고주차 vs 저주차",B,26230-127,"개금우드빌",부산진구,24.4,22.1,48.5,50.4,36.4
PAIR-20,"고주차 vs 저주차",A,26350-2117,"현대하이페리온",해운대구,52.4,65.0,54.2,57.7,57.3
PAIR-20,"고주차 vs 저주차",B,26350-135,"LH뜨란채아파트",해운대구,45.9,52.1,81.2,55.7,58.7
PAIR-21,"고주차 vs 저주차",A,26350-2120,"대우트럼프월드마린",해운대구,32.6,53.3,45.1,64.3,48.8
PAIR-21,"고주차 vs 저주차",B,26230-1905,"블루스카이",부산진구,44.0,50.5,57.2,44.1,49.0
PAIR-22,"고주차 vs 저주차",A,26350-2259,"해운대한신휴플러스",해운대구,62.0,64.2,26.7,71.1,56.0
PAIR-22,"고주차 vs 저주차",B,26230-50,"창신그린힐",부산진구,26.6,38.2,76.8,41.3,45.7
PAIR-23,"고주차 vs 저주차",A,26350-2206,"해운대경동제이드",해운대구,56.2,63.6,23.8,70.5,53.5
PAIR-23,"고주차 vs 저주차",B,26230-8,"대동파크",부산진구,46.1,45.6,37.6,44.0,43.3
PAIR-24,"고주차 vs 저주차",A,26440-118,"명지국제신도시삼정그린코아더베스트",강서구,30.3,48.4,56.2,81.4,54.1
PAIR-24,"고주차 vs 저주차",B,26350-159,"센텀자유",해운대구,27.5,61.8,49.6,45.1,46.0
PAIR-25,"교육접근 양호 vs 열악",A,26710-605,"경보그랜드비치",기장군,18.8,6.1,85.6,63.3,43.5
PAIR-25,"교육접근 양호 vs 열악",B,26230-42,"대진파레스필즈",부산진구,23.8,8.1,17.9,40.0,22.5
PAIR-26,"교육접근 양호 vs 열악",A,26530-54,"광우파크",사상구,57.3,58.4,83.7,21.7,55.3
PAIR-26,"교육접근 양호 vs 열악",B,26230-43,"삼환",부산진구,20.2,7.5,13.0,53.3,23.5
PAIR-27,"교육접근 양호 vs 열악",A,26470-27,"진흥목화",연제구,56.6,52.7,85.4,28.3,55.8
PAIR-27,"교육접근 양호 vs 열악",B,26440-125,"더샵명지퍼스트월드3단지",강서구,24.2,42.3,16.0,87.5,42.5
PAIR-28,"교육접근 양호 vs 열악",A,26230-40,"초읍그린",부산진구,26.4,45.3,82.5,35.6,47.4
PAIR-28,"교육접근 양호 vs 열악",B,26530-1043,"사상구남역동원로얄듀크",사상구,58.9,51.6,21.5,78.1,52.5
PAIR-29,"교육접근 양호 vs 열악",A,26410-5,"서동현대",금정구,63.4,49.9,83.4,46.9,60.9
PAIR-29,"교육접근 양호 vs 열악",B,26530-95,"정남파크맨션",사상구,17.4,48.2,26.4,26.4,29.6
PAIR-30,"교육접근 양호 vs 열악",A,26470-212,"전원에스빌",연제구,60.8,81.8,84.4,36.8,65.9
PAIR-30,"교육접근 양호 vs 열악",B,26710-639,"청강리더스빌",기장군,68.1,53.2,24.5,56.6,50.6
PAIR-31,"생활밀집 vs sparse",A,26230-264,"삼성비치타운",부산진구,78.9,82.7,63.4,45.8,67.7
PAIR-31,"생활밀집 vs sparse",B,26710-570,"명례솔터시티",기장군,14.9,4.5,8.0,76.0,25.9
PAIR-32,"생활밀집 vs sparse",A,26230-352,"한솔폴라리스",부산진구,64.1,84.4,73.1,61.2,70.7
PAIR-32,"생활밀집 vs sparse",B,26710-666,"쌍용더플래티넘오시리아",기장군,22.5,9.2,10.4,76.3,29.6
PAIR-33,"생활밀집 vs sparse",A,26230-2443,"대동레미안더오션2",부산진구,59.5,84.3,52.5,56.3,63.1
PAIR-33,"생활밀집 vs sparse",B,26440-112,"우창더뷰",강서구,84.7,15.6,38.8,83.2,55.6
PAIR-34,"생활밀집 vs sparse",A,26470-1384,"나경위너스",연제구,79.7,83.9,64.0,50.4,69.5
PAIR-34,"생활밀집 vs sparse",B,26200-15,"동산(1106)",영도구,,3.2,20.5,26.4,16.7
PAIR-35,"생활밀집 vs sparse",A,26230-192,"보영미네르빌",부산진구,67.0,79.4,73.4,47.9,66.9
PAIR-35,"생활밀집 vs sparse",B,26290-60,"현대2",남구,27.8,8.9,62.5,50.6,37.5
PAIR-36,"생활밀집 vs sparse",A,26230-215,"HY원룸",부산진구,66.0,83.7,41.2,45.1,59.0
PAIR-36,"생활밀집 vs sparse",B,26710-91,"대변그린비치빌",기장군,17.0,4.0,82.2,40.2,35.9
PAIR-37,"tradeoff(교통 vs 주차)",A,26710-35,"현대",기장군,90.1,59.1,33.6,52.1,58.7
PAIR-37,"tradeoff(교통 vs 주차)",B,26350-104,"달맞이경동메르빌",해운대구,35.2,48.4,31.2,62.0,44.2
PAIR-38,"tradeoff(교통 vs 주차)",A,26320-27,"구포현대",북구,75.6,44.2,56.9,54.5,57.8
PAIR-38,"tradeoff(교통 vs 주차)",B,26350-2162,"해운대 I PARK",해운대구,39.5,62.9,69.7,80.4,63.1
PAIR-39,"tradeoff(교통 vs 주차)",A,26320-153,"수정강변타운",북구,71.6,41.3,47.3,63.3,55.9
PAIR-39,"tradeoff(교통 vs 주차)",B,26320-1484,"구포유림노르웨이숲2차",북구,52.4,51.0,42.7,59.0,51.3
PAIR-40,"tradeoff(교통 vs 주차)",A,26320-115,"만덕2주공",북구,77.1,54.0,66.0,53.8,62.7
PAIR-40,"tradeoff(교통 vs 주차)",B,26470-1066,"연산자이",연제구,31.1,54.6,59.8,78.8,56.1
PAIR-41,"tradeoff(교통 vs 주차)",A,26320-65,"대방",북구,76.7,64.5,50.2,46.1,59.4
PAIR-41,"tradeoff(교통 vs 주차)",B,26500-1390,"광안현대하이페리온",수영구,34.8,55.9,68.9,65.3,56.2
PAIR-42,"tradeoff(교통 vs 주차)",A,26320-117,"만덕베르빌",북구,88.5,60.0,47.8,54.9,62.8
PAIR-42,"tradeoff(교통 vs 주차)",B,26500-1389,"수영만아이파크",수영구,41.7,30.3,68.0,61.8,50.5
PAIR-43,"tradeoff(연식 vs 규모)",A,26230-2582,"가야동그린시티",부산진구,84.0,49.8,55.6,66.1,63.9
PAIR-43,"tradeoff(연식 vs 규모)",B,26350-134,"SKVIEW",해운대구,42.8,59.1,59.5,58.7,55.1
PAIR-44,"tradeoff(연식 vs 규모)",A,26230-2541,"더샵골드6",부산진구,58.1,62.2,65.6,57.8,60.9
PAIR-44,"tradeoff(연식 vs 규모)",B,26350-109,"경남선경",해운대구,37.5,57.8,65.2,62.4,55.7
PAIR-45,"tradeoff(연식 vs 규모)",A,26230-2600,"연지보해이브더파크",부산진구,37.2,56.3,67.7,69.0,57.5
PAIR-45,"tradeoff(연식 vs 규모)",B,26230-136,"엘지신개금(2-2)",부산진구,56.4,56.6,79.3,61.8,63.6
PAIR-46,"tradeoff(연식 vs 규모)",A,26230-2575,"범일역이즈",부산진구,73.9,71.0,49.5,65.9,65.1
PAIR-46,"tradeoff(연식 vs 규모)",B,26230-135,"엘지신개금(2-1)",부산진구,63.0,61.7,77.9,64.0,66.6
PAIR-47,"tradeoff(연식 vs 규모)",A,26230-2574,"개금동포르투나",부산진구,85.7,73.3,67.0,66.5,73.1
PAIR-47,"tradeoff(연식 vs 규모)",B,26230-65,"현대1차",부산진구,44.9,50.4,55.7,64.6,53.9
PAIR-48,"tradeoff(연식 vs 규모)",A,26230-2596,"연지에코팰리스",부산진구,41.6,41.6,41.3,69.9,48.6
PAIR-48,"tradeoff(연식 vs 규모)",B,26230-141,"개금주공2",부산진구,26.2,24.5,58.0,56.8,41.4